<?xml version="1.0" encoding="UTF-8"?><?xml-stylesheet type='text/xsl' href='_UpgradeReport_Files/UpgradeReport.xslt'?><UpgradeLog>
<Properties><Property Name="Solution" Value="Common">
</Property><Property Name="Solution File" Value="C:\SENDERO2.0.DEVELOPMENT\Common\Common.sln">
</Property><Property Name="Date" Value="Monday, February 04, 2008">
</Property><Property Name="Time" Value="11:32 AM">
</Property></Properties><Event ErrorLevel="0" Project="" Source="Common.sln" Description="Solution converted successfully">
</Event><Event ErrorLevel="3" Project="" Source="Common.sln" Description="Converted">
</Event></UpgradeLog>