<?xml version="1.0" encoding="UTF-8"?><?xml-stylesheet type='text/xsl' href='_UpgradeReport_Files/UpgradeReport.xslt'?><UpgradeLog>
<Properties><Property Name="Solution" Value="BDDataService">
</Property><Property Name="Solution File" Value="U:\_Dev\ATLAS\Loanstar\BDDataService\BDDataService.sln">
</Property><Property Name="Date" Value="Wednesday, April 14, 2010">
</Property><Property Name="Time" Value="14:51 PM">
</Property></Properties><Event ErrorLevel="0" Project="" Source="BDDataService.sln" Description="File successfully backed up as U:\_Dev\ATLAS\Loanstar\BDDataService\Backup\BDDataService.sln">
</Event><Event ErrorLevel="1" Project="Common" Source="..\Common\Common.csproj" Description="Warning: The project file is being backed up to a relative path that differs from the original solution relative path.  The difference in folder hierarchy may create problems in opening or building the backed up solution and project.">
</Event><Event ErrorLevel="2" Project="Common" Source="..\Common\Common.csproj" Description="Unable to open project file to perform upgrade.  ">
</Event><Event ErrorLevel="1" Project="Ares" Source="..\Ares\Ares.csproj" Description="Warning: The project file is being backed up to a relative path that differs from the original solution relative path.  The difference in folder hierarchy may create problems in opening or building the backed up solution and project.">
</Event><Event ErrorLevel="0" Project="Ares" Source="..\Ares\Ares.csproj" Description="Project file successfully backed up as U:\_Dev\ATLAS\Loanstar\BDDataService\Backup\Ares\Ares.csproj">
</Event><Event ErrorLevel="0" Project="Ares" Source="..\Ares\Ares.csproj.user" Description="Project user file successfully backed up as U:\_Dev\ATLAS\Loanstar\BDDataService\Backup\Ares\Ares.csproj.user">
</Event><Event ErrorLevel="0" Project="Ares" Source="..\Ares\AresMain.cs" Description="File successfully backed up as U:\_Dev\ATLAS\Loanstar\BDDataService\Backup\Ares\AresMain.cs">
</Event><Event ErrorLevel="0" Project="Ares" Source="..\Ares\AssemblyInfo.cs" Description="File successfully backed up as U:\_Dev\ATLAS\Loanstar\BDDataService\Backup\Ares\AssemblyInfo.cs">
</Event><Event ErrorLevel="0" Project="Ares" Source="..\Ares\Email.cs" Description="File successfully backed up as U:\_Dev\ATLAS\Loanstar\BDDataService\Backup\Ares\Email.cs">
</Event><Event ErrorLevel="0" Project="Ares" Source="..\Ares\Master.cs" Description="File successfully backed up as U:\_Dev\ATLAS\Loanstar\BDDataService\Backup\Ares\Master.cs">
</Event><Event ErrorLevel="0" Project="Ares" Source="..\Ares\Ares.csproj" Description="The project file does not require conversion.">
</Event><Event ErrorLevel="3" Project="Ares" Source="..\Ares\Ares.csproj" Description="No Conversion Required">
</Event><Event ErrorLevel="2" Project="AresService" Source="AresService.csproj" Description="Unable to open project file to perform upgrade.  ">
</Event><Event ErrorLevel="1" Project="Filer" Source="..\Filer\Filer.csproj" Description="Warning: The project file is being backed up to a relative path that differs from the original solution relative path.  The difference in folder hierarchy may create problems in opening or building the backed up solution and project.">
</Event><Event ErrorLevel="2" Project="Filer" Source="..\Filer\Filer.csproj" Description="Unable to open project file to perform upgrade.  ">
</Event><Event ErrorLevel="0" Project="" Source="BDDataService.sln" Description="Solution converted successfully">
</Event><Event ErrorLevel="3" Project="" Source="BDDataService.sln" Description="Converted">
</Event></UpgradeLog>