<?xml version="1.0" encoding="UTF-8"?><?xml-stylesheet type='text/xsl' href='_UpgradeReport_Files/UpgradeReport.xslt'?><UpgradeLog>
<Properties><Property Name="Solution" Value="BDDataService">
</Property><Property Name="Solution File" Value="U:\_Dev\ATLAS\Loanstar\BDDataService\BDDataService.sln">
</Property><Property Name="Date" Value="Wednesday, April 14, 2010">
</Property><Property Name="Time" Value="14:52:35 PM">
</Property><Property Name="Log Number" Value="2">
</Property></Properties><Event ErrorLevel="0" Project="BDDataService" Source="BDDataService.csproj" Description="Project file successfully backed up as U:\_Dev\ATLAS\Loanstar\BDDataService\Backup1\BDDataService.csproj">
</Event><Event ErrorLevel="0" Project="BDDataService" Source="AssemblyInfo.cs" Description="File successfully backed up as U:\_Dev\ATLAS\Loanstar\BDDataService\Backup1\AssemblyInfo.cs">
</Event><Event ErrorLevel="0" Project="BDDataService" Source="ProjectInstaller.cs" Description="File successfully backed up as U:\_Dev\ATLAS\Loanstar\BDDataService\Backup1\ProjectInstaller.cs">
</Event><Event ErrorLevel="0" Project="BDDataService" Source="Service.cs" Description="File successfully backed up as U:\_Dev\ATLAS\Loanstar\BDDataService\Backup1\Service.cs">
</Event><Event ErrorLevel="0" Project="BDDataService" Source="ProjectInstaller.resx" Description="File successfully backed up as U:\_Dev\ATLAS\Loanstar\BDDataService\Backup1\ProjectInstaller.resx">
</Event><Event ErrorLevel="0" Project="BDDataService" Source="Service.resx" Description="File successfully backed up as U:\_Dev\ATLAS\Loanstar\BDDataService\Backup1\Service.resx">
</Event><Event ErrorLevel="1" Project="BDDataService" Source="BDDataService.csproj" Description="Your project is targeting .NET Framework 2.0 or 3.0. If your project uses assemblies requiring a newer .NET Framework, your project will fail to build. You can change the .NET Framework version by clicking Properties on the project menu and then selecting a new version in the '.NET Framework' dropdown box. (In Visual Basic, this is located on the Compile tab by clicking the 'Advanced Compiler Options...' button.)">
</Event><Event ErrorLevel="0" Project="BDDataService" Source="BDDataService.csproj" Description="Project converted successfully">
</Event><Event ErrorLevel="3" Project="BDDataService" Source="BDDataService.csproj" Description="Converted">
</Event><Event ErrorLevel="0" Project="BDDataService" Source="BDDataService.csproj" Description="Scan complete: Upgrade not required for project files.">
</Event></UpgradeLog>