<?xml version="1.0" encoding="UTF-8"?><?xml-stylesheet type='text/xsl' href='_UpgradeReport_Files/UpgradeReport.xslt'?><UpgradeLog>
<Properties><Property Name="Solution" Value="CentralClient">
</Property><Property Name="Solution File" Value="C:\SENDERO2.0.DEVELOPMENT\CentralClient\CentralClient.sln">
</Property><Property Name="User Options File" Value="C:\SENDERO2.0.DEVELOPMENT\CentralClient\CentralClient.suo">
</Property><Property Name="Date" Value="Thursday, March 13, 2008">
</Property><Property Name="Time" Value="9:31 AM">
</Property></Properties><Event ErrorLevel="0" Project="" Source="CentralClient.sln" Description="File successfully backed up as C:\SENDERO2.0.DEVELOPMENT\CentralClient\Backup\CentralClient.sln">
</Event><Event ErrorLevel="0" Project="" Source="CentralClient.suo" Description="File successfully backed up as C:\SENDERO2.0.DEVELOPMENT\CentralClient\Backup\CentralClient.suo">
</Event><Event ErrorLevel="0" Project="CentralClient" Source="CentralClient\CentralClient.csproj" Description="Project file successfully backed up as C:\SENDERO2.0.DEVELOPMENT\CentralClient\Backup\CentralClient\CentralClient.csproj">
</Event><Event ErrorLevel="0" Project="CentralClient" Source="CentralClient\CentralClient.csproj.user" Description="Project user file successfully backed up as C:\SENDERO2.0.DEVELOPMENT\CentralClient\Backup\CentralClient\CentralClient.csproj.user">
</Event><Event ErrorLevel="0" Project="CentralClient" Source="CentralClient\AdminBooksForm.cs" Description="File successfully backed up as C:\SENDERO2.0.DEVELOPMENT\CentralClient\Backup\CentralClient\AdminBooksForm.cs">
</Event><Event ErrorLevel="0" Project="CentralClient" Source="CentralClient\AdminHolidaysForm.cs" Description="File successfully backed up as C:\SENDERO2.0.DEVELOPMENT\CentralClient\Backup\CentralClient\AdminHolidaysForm.cs">
</Event><Event ErrorLevel="0" Project="CentralClient" Source="CentralClient\AdminKeyValuesForm.cs" Description="File successfully backed up as C:\SENDERO2.0.DEVELOPMENT\CentralClient\Backup\CentralClient\AdminKeyValuesForm.cs">
</Event><Event ErrorLevel="0" Project="CentralClient" Source="CentralClient\AssemblyInfo.cs" Description="File successfully backed up as C:\SENDERO2.0.DEVELOPMENT\CentralClient\Backup\CentralClient\AssemblyInfo.cs">
</Event><Event ErrorLevel="0" Project="CentralClient" Source="CentralClient\MainForm.cs" Description="File successfully backed up as C:\SENDERO2.0.DEVELOPMENT\CentralClient\Backup\CentralClient\MainForm.cs">
</Event><Event ErrorLevel="0" Project="CentralClient" Source="CentralClient\SplashForm.cs" Description="File successfully backed up as C:\SENDERO2.0.DEVELOPMENT\CentralClient\Backup\CentralClient\SplashForm.cs">
</Event><Event ErrorLevel="0" Project="CentralClient" Source="CentralClient\App.ico" Description="File successfully backed up as C:\SENDERO2.0.DEVELOPMENT\CentralClient\Backup\CentralClient\App.ico">
</Event><Event ErrorLevel="0" Project="CentralClient" Source="CentralClient\AdminBooksForm.resx" Description="File successfully backed up as C:\SENDERO2.0.DEVELOPMENT\CentralClient\Backup\CentralClient\AdminBooksForm.resx">
</Event><Event ErrorLevel="0" Project="CentralClient" Source="CentralClient\AdminHolidaysForm.resx" Description="File successfully backed up as C:\SENDERO2.0.DEVELOPMENT\CentralClient\Backup\CentralClient\AdminHolidaysForm.resx">
</Event><Event ErrorLevel="0" Project="CentralClient" Source="CentralClient\AdminKeyValuesForm.resx" Description="File successfully backed up as C:\SENDERO2.0.DEVELOPMENT\CentralClient\Backup\CentralClient\AdminKeyValuesForm.resx">
</Event><Event ErrorLevel="0" Project="CentralClient" Source="CentralClient\licenses.licx" Description="File successfully backed up as C:\SENDERO2.0.DEVELOPMENT\CentralClient\Backup\CentralClient\licenses.licx">
</Event><Event ErrorLevel="0" Project="CentralClient" Source="CentralClient\MainForm.resx" Description="File successfully backed up as C:\SENDERO2.0.DEVELOPMENT\CentralClient\Backup\CentralClient\MainForm.resx">
</Event><Event ErrorLevel="0" Project="CentralClient" Source="CentralClient\SplashForm.resx" Description="File successfully backed up as C:\SENDERO2.0.DEVELOPMENT\CentralClient\Backup\CentralClient\SplashForm.resx">
</Event><Event ErrorLevel="0" Project="CentralClient" Source="CentralClient\CentralClient.csproj" Description="Project converted successfully">
</Event><Event ErrorLevel="3" Project="CentralClient" Source="CentralClient\CentralClient.csproj" Description="Converted">
</Event><Event ErrorLevel="1" Project="Common" Source="..\Common\Common.csproj" Description="Warning: The project file is being backed up to a relative path that differs from the original solution relative path.  The difference in folder hierarchy may create problems in opening or building the backed up solution and project.">
</Event><Event ErrorLevel="0" Project="Common" Source="..\Common\Common.csproj" Description="Project file successfully backed up as C:\SENDERO2.0.DEVELOPMENT\CentralClient\Backup\Common\Common.csproj">
</Event><Event ErrorLevel="0" Project="Common" Source="..\Common\Common.csproj.user" Description="Project user file successfully backed up as C:\SENDERO2.0.DEVELOPMENT\CentralClient\Backup\Common\Common.csproj.user">
</Event><Event ErrorLevel="0" Project="Common" Source="..\Common\AssemblyInfo.cs" Description="File successfully backed up as C:\SENDERO2.0.DEVELOPMENT\CentralClient\Backup\Common\AssemblyInfo.cs">
</Event><Event ErrorLevel="0" Project="Common" Source="..\Common\DealList.cs" Description="File successfully backed up as C:\SENDERO2.0.DEVELOPMENT\CentralClient\Backup\Common\DealList.cs">
</Event><Event ErrorLevel="0" Project="Common" Source="..\Common\KeyValue.cs" Description="File successfully backed up as C:\SENDERO2.0.DEVELOPMENT\CentralClient\Backup\Common\KeyValue.cs">
</Event><Event ErrorLevel="0" Project="Common" Source="..\Common\List.cs" Description="File successfully backed up as C:\SENDERO2.0.DEVELOPMENT\CentralClient\Backup\Common\List.cs">
</Event><Event ErrorLevel="0" Project="Common" Source="..\Common\Log.cs" Description="File successfully backed up as C:\SENDERO2.0.DEVELOPMENT\CentralClient\Backup\Common\Log.cs">
</Event><Event ErrorLevel="0" Project="Common" Source="..\Common\RegistryValue.cs" Description="File successfully backed up as C:\SENDERO2.0.DEVELOPMENT\CentralClient\Backup\Common\RegistryValue.cs">
</Event><Event ErrorLevel="0" Project="Common" Source="..\Common\RemotingTools.cs" Description="File successfully backed up as C:\SENDERO2.0.DEVELOPMENT\CentralClient\Backup\Common\RemotingTools.cs">
</Event><Event ErrorLevel="0" Project="Common" Source="..\Common\Security.cs" Description="File successfully backed up as C:\SENDERO2.0.DEVELOPMENT\CentralClient\Backup\Common\Security.cs">
</Event><Event ErrorLevel="0" Project="Common" Source="..\Common\Standard.cs" Description="File successfully backed up as C:\SENDERO2.0.DEVELOPMENT\CentralClient\Backup\Common\Standard.cs">
</Event><Event ErrorLevel="0" Project="Common" Source="..\Common\Tools.cs" Description="File successfully backed up as C:\SENDERO2.0.DEVELOPMENT\CentralClient\Backup\Common\Tools.cs">
</Event><Event ErrorLevel="0" Project="Common" Source="..\Common\Common.csproj" Description="Project converted successfully">
</Event><Event ErrorLevel="3" Project="Common" Source="..\Common\Common.csproj" Description="Converted">
</Event><Event ErrorLevel="0" Project="" Source="CentralClient.sln" Description="Solution converted successfully">
</Event><Event ErrorLevel="3" Project="" Source="CentralClient.sln" Description="Converted">
</Event><Event ErrorLevel="0" Project="CentralClient" Source="CentralClient\CentralClient.csproj" Description="Scan complete: Upgrade not required for project files.">
</Event><Event ErrorLevel="0" Project="Common" Source="..\Common\Common.csproj" Description="Scan complete: Upgrade not required for project files.">
</Event></UpgradeLog>